{
    "firstArray": {
        "data": [
            2.5723023732059915,
            0.7913279249684445,
            2.753380515566281,
            2.5624125992680655,
            1.5580930311911896,
            1.2944056715677155,
            2.791192803186181,
            6.927096776059572,
            2.5611029759044186,
            3.1410613117091586
        ]
    },
    "secondArray": {
        "data": [
            0.7913279249684445,
            1.2944056715677155,
            1.5580930311911896,
            2.5611029759044186,
            2.5624125992680655,
            2.5723023732059915,
            2.753380515566281,
            2.791192803186181,
            3.1410613117091586,
            6.927096776059572
        ]
    },
    "sortParams": {
        "A": 2.0,
        "C": 3.0,
        "N": 10
    },
    "sortResult": {
        "comparisons": 22,
        "elapsedTimeMs": 0.0145,
        "swaps": 34
    }
}